scenario,run_tag,draw_total,rep_total,nav_end,tvpi_end,dpi_end,irr_end
normal,test_portfolio_2025Q3,5595335393.088762,7440800637.482767,86113123.6466208,1.345212258487037,1.3298220955036015,0.05556981925270266
bullish,test_portfolio_2025Q3_bullish,5595335393.088762,8006848410.285059,95736977.82540488,1.4480964622994008,1.4309863212444682,0.06904150221271971
bearish,test_portfolio_2025Q3_bearish,5595335393.088762,7100957476.077364,80736975.4903575,1.283514561153634,1.2690852249622626,0.0469056901044681
