series,draw,rep,nav_end,tvpi,dpi
historical_vc_age10plus,50155995.55990001,1269846204.5909,2618462010.1323,77.52429537719959,25.317934384820564
test_portfolio_vc,3918642527.189951,5726472790.137043,4464499308.534643,2.6006383659546533,1.461340949168814
