series,sum_draw,sum_rep,sum_nav,tvpi
historical_terminated_all,479616888.30109996,730745151.2272999,34772114.48,1.596101564352575
projected_test_all,5597767527.350172,7493493444.879838,4840894460.952911,2.2034476861656143
